{"cameraMode":{"drawMode":0,"name":"Shaded","section":"Shading Mode"},"sceneLighting":true,"audioPlay":false,"sceneViewState":{"showFog":true,"showMaterialUpdate":true,"showSkybox":true,"showFlares":true,"showImageEffects":true,"showParticleSystems":true},"in2DMode":false,"pivot":{"x":82.60696411132813,"y":0.2055978775024414,"z":56.24280548095703},"rotation":{"x":0.04025864228606224,"y":-0.9418784976005554,"z":0.12218084931373596,"w":0.3103483319282532},"size":12.59950065612793,"orthographic":false}